Stars,Owner,Repo
1057,Indamix,real-shadow
1057,The404Hacking,AndroRAT
1057,percona,percona-toolkit
1057,yatengLG,ISAT_with_segment_anything
1057,alexpusch,rust-magic-patterns
1057,0x727,ObserverWard
1057,advplyr,audiobookshelf-app
1057,crosbymichael,skydock
1057,Ableton,link
1056,McYoloSwagHam,win3wm
1056,ecomfe,veui
1056,thlorenz,brace
1056,s0md3v,uro
1056,sysprogs,WinCDEmu
1056,Jonezhen,CSBook
1056,kevwan,go-stash
1056,hausec,PowerZure
1056,scipipe,scipipe
1056,NARKOZ,gitlab
1056,magento,pwa-studio
1056,huage2580,leeks
1056,phaselden,FlipIt
1056,skiptools,skip
1056,erelsgl,limdu
1056,pasky,speedread
1056,027xiguapi,pear-rec
1056,polkadot-js,api
1056,liggitt,audit2rbac
1056,p-e-w,ternimal
1056,regularjs,regular
1056,speced,bikeshed
1056,kenshin54,popline
1056,ebkr,r2modmanPlus
1056,voilet,cmdb
1056,Airboi,bypass-av-note
1056,magicbookproject,magicbook
1056,JoelGMSec,AutoRDPwn
1056,YuanGongND,ast
1056,webpack-contrib,eslint-loader
1056,cariboulabs,cariboulite
1056,Mark24Code,rime-auto-deploy
1056,snipsnapdev,snipsnap
1056,facebookarchive,emitter
1056,shenruisi,Stay
1056,coderMyy,CocoaAsyncSocket_Demo
1056,conditionizr,conditionizr
1056,Simpsonpt,AppSecEzine
1056,Siddharth11,Colorful
1056,fluttercandies,flutter_smart_dialog
1056,j96w,DenseFusion
1055,flickr,yakbak
1055,seppo0010,rlite
1055,a16z,ai
1055,open-domains,register
1055,endtwist,kerning.js
1055,jonhoo,configs
1055,skydoves,Orbital
1055,benweet,stackedit.js
1055,uvipen,Super-mario-bros-PPO-pytorch
1055,AcalephStorage,awesome-devops
1055,robertpenner,as3-signals
1055,react-native-community,jsc-android-buildscripts
1055,0xGG,crossnote-app
1055,EleTeam,Shop-React-Native
1055,cms-sw,cmssw
1055,mosn,holmes
1055,loper7,DateTimePicker
1055,AmberELEC,AmberELEC
1055,agmmnn,tauri-ui
1055,stoyan,cssshrink
1055,nfstream,nfstream
1055,ctongfei,progressbar
1055,thomasp85,ggraph
1055,testing-library,vue-testing-library
1055,aguinet,wannakey
1055,mpociot,teamwork
1055,procount,pinn
1055,dotnet-architecture,eBooks
1055,riktar,jkanban
1055,cmsis-svd,cmsis-svd
1055,Trinea,android-demo
1055,bailicangdu,native-xdm
1055,patrick-llgc,Learning-Deep-Learning
1055,real-stanford,diffusion_policy
1055,kmalakoff,knockback
1055,J0o1ey,BountyHunterInChina
1055,markomarkovic,simple-php-git-deploy
1055,WyAtu,Perun
1054,CodementorIO,Python-Learning-Resources
1054,YuliangXiu,ECON
1054,lighttransport,nanort
1054,zachleat,web-font-loading-recipes
1054,strapi,foodadvisor
1054,stevebauman,location
1054,romac,react-if
1054,cats-oss,Sica
1054,Quorafind,Obsidian-Thino
1054,JoshData,python-email-validator
1054,PawelDecowski,jquery-creditcardvalidator
1054,Dobiasd,frugally-deep
1054,minio,minio-java
1054,HVML,PurC
1054,Shopify,Timber
1054,OpnTec,2019.opentechsummit.de
1054,jakesgordon,javascript-racer
1054,carefree0910,MachineLearning
1054,dotnetcore,SmartSql
1054,pycurl,pycurl
1054,chitosai,bilimini
1054,Urigo,SOFA
1054,kazzkiq,CodeFlask
1054,arxiv-vanity,engrafo
1054,uncomplicate,neanderthal
1054,iagox86,hash_extender
1054,FeeiCN,ESD
1054,hoovercj,vscode-power-mode
1054,JaredCubilla,sublime
1054,SpiderLabs,HostHunter
1054,paulyoder,LinqToExcel
1054,tsvensen,equalize.js
1054,loonywizard,js-confetti
1053,vitalets,checklist-model
1053,zhengxiaopeng,android-dev-bookmarks
1053,jordanbyron,react-native-quick-actions
1053,rikukissa,typehole
1053,danoctavian,awesome-anti-censorship
1053,justinmayer,virtualfish
1053,loklak,blog.loklak.org
1053,aspida,aspida
1053,nysamnang,react-native-raw-bottom-sheet
1053,P1-Team,AlliN
1053,mjohnsullivan,flutter-by-example
1053,TheAlgorithms,Scala
1053,lcpz,lain
1053,lugolabs,circles
1053,julrog,nn_vis
1053,pods-framework,pods
1053,ElMassimo,iles
1053,moonlight-stream,moonlight-ios
1053,hhaAndroid,mmdetection-mini
1053,metrics-rs,metrics
1053,atlassian,jest-in-case
1053,OneDrive,onedrive-sdk-python
1053,rosiejs,rosie
1053,ddwht,sketch-dynamic-button
1053,ovidiuch,dragdealer
1053,CryptozombiesHQ,cryptozombie-lessons
1053,JasonStu,ReactNative_Shopping
1053,popcar2,GodotOS
1053,twostraws,Vortex
1053,wapiti-scanner,wapiti
1053,cddmp,enum4linux-ng
1053,romainbutteaud,Kaffeine
1053,amanjeetsingh150,kotlin-android-examples
1053,auth0,go-jwt-middleware
1053,samayo,country-json
1053,hokaccha,nodebrew
1053,wesbos,Learn-Node
1053,t4rra,CCStopper
1053,chenchengyin,likequanmintv
1053,xlab,android-go
1053,bucketsio,buckets
1053,mongodb-js,compass
1052,libav,libav
1052,patrickfav,Dali
1052,georgealways,lil-gui
1052,ridhwaans,homehost
1052,floating,frame
1052,Eun,MoveToDesktop
1052,servicemeshinterface,smi-spec
1052,mzz2017,gg
1052,gka,canvid
1052,ElvisQin,thegibook
1052,snazy,ohc
1052,YenalyLiew,Han1meViewer
1052,easystats,easystats
1052,dotenv-org,dotenv-vault
1052,REditorSupport,vscode-R
1052,simplesamlphp,simplesamlphp
1052,vega,lyra
1052,seemethere,nba_py
1052,lmmentel,awesome-python-chemistry
1052,databricks,spark-csv
1052,PaulStoffregen,Audio
1052,alibaba,taokeeper
1052,graninas,software-design-in-haskell
1052,scratchdata,scratchdata
1052,open-dynamic-robot-initiative,open_robot_actuator_hardware
1052,ISchwarz23,SortableTableView
1052,WickyNilliams,cally
1052,loklak,sphinx_loklak_theme
1052,touchlab,xcode-kotlin
1052,s045pd,DarkNet_ChineseTrading
1052,OWASP,www-community
1052,apache,accumulo
1052,openai,InfoGAN
1052,lhelontra,tensorflow-on-arm
1052,gpleiss,temperature_scaling
1052,lingthio,Flask-User
1052,adamgruber,mochawesome
1052,ichord,Caret.js
1052,gdtool,zhaopp
1052,duguosheng,6.S081-All-in-one
1052,yechens,NL2SQL
1052,artemgordinskiy,Spotifree
1052,xitu,awesome-kotlin-cn
1052,NUS-HPC-AI-Lab,OpenDiT
1052,tkashkin,Adwaita-for-Steam
1052,xorbitsai,xorbits
1052,perliedman,leaflet-routing-machine
1051,Tinywan,lua-nginx-redis
1051,rswier,swieros
1051,Meteor-Community-Packages,Meteor-CollectionFS
1051,zaihuishou,ExpandableRecyclerview
1051,hashicorp,vault-helm
1051,jeasonstudio,CN-VScode-Docs
1051,staart,api
1051,fashiontec,fashiontec-artwork
1051,chaseric,covervid
1051,r3motecontrol,Ghostpack-CompiledBinaries
1051,plotly,dash-recipes
1051,AI-Prompt-Genius,AI-Prompt-Genius
1051,darkrenaissance,darkfi
1051,jhipster,prettier-java
1051,nuxt-modules,color-mode
1051,cryptonomex,graphene
1051,yalabot,angular-foundation
1051,requery,sqlite-android
1051,EthanLin-TWer,translation-spring-mvc-4-documentation
1051,salvadordeveloper,flutter-tiktok
1051,presentator,presentator
1051,RealmTeam,django-rest-framework-social-oauth2
1051,SamSaffron,MiniProfiler
1051,sonofmagic,weapp-tailwindcss
1051,meganz,webclient
1051,kolinkrewinkel,Polychromatic
1051,ThingPulse,esp8266-weather-station
1051,shawlu95,Beyond-LeetCode-SQL
1051,csurfer,rake-nltk
1051,adrianhajdin,social_media_app
1051,zdharma-continuum,fast-syntax-highlighting
1051,radar,by_star
1051,aszx87410,blog
1051,karaxnim,karax
1050,ros-industrial,universal_robot
1050,go-gl,gl
1050,hongfz16,AvatarCLIP
1050,xiaoshoudian,xiazai
1050,polarsys,b612
1050,ipfs-inactive,js-ipfs-http-client
1050,lessthanoptimal,BoofCV
1050,ethz-asl,segmap
1050,aras-p,ToyPathTracer
1050,Res2Net,Res2Net-PretrainedModels
1050,bootstrap-vue-next,bootstrap-vue-next
1050,kitze,awesome-conference-practices
1050,vengi-voxel,vengi
1050,RoseSecurity,Red-Teaming-TTPs
1050,jfirebaugh,konacha
1050,chatop2020,AKStream
1050,particle-iot,device-os
1050,trevorwang,retrofit.dart
1050,redis,redis-om-python
1050,PacktPublishing,Deep-Learning-with-Keras
1050,microsoft,Cognitive-Samples-IntelligentKiosk
1050,DennisSnijder,MakeGithubGreatAgain
1050,locuslab,convmixer
1050,winedarksea,AutoTS
1050,tokio-rs,tokio-uring
1050,ernestoyaquello,VerticalStepperForm
1050,mycelial,mycelite
1050,CreativeIT,material-angular-dashboard
1050,giongto35,cloud-morph
1050,pmndrs,react-postprocessing
1050,blockcypher,explorer
1050,wking-io,elm-live
1050,kolorobot,spring-mvc-quickstart-archetype
1050,azuwis,pianotrans
1050,zhaofengli,colmena
1050,jbutz,bootstrap-lightbox
1050,PGYER,fir-cli
1050,make-all,tuya-local
1049,Vaibhavs10,open-tts-tracker
1049,libcheck,check
1049,ValvePython,steam
1049,garethdmm,gryphon
1049,w3c,wcag
1049,bobthecow,Ruler
1049,onhexgroup,Conferences
1049,OWASP,www-project-top-ten
1049,KirillOsenkov,SourceBrowser
1049,adeshpande3,Tensorflow-Programs-and-Tutorials
1049,kubermatic,kubermatic
1049,ryanmcdermott,3rs-of-software-architecture
1049,AkashRajpurohit,howtoprofessionallysay
1049,protonemedia,laravel-cross-eloquent-search
1049,Toyhom,Chinese-medical-dialogue-data
1049,rockymadden,slack-cli
1049,pedromassango,my_flutter_challenges
1049,GOATmessi7,ASFF
1049,lizhe2004,chatbot-list
1049,tokudu,AndroidPushNotificationsDemo
1049,mike-schultz,materialette
1049,WaykiChain,WaykiChain
1049,sksamuel,scrimage
1049,mkottman,AndroLua
1049,time-rs,time
1049,adrianhajdin,project_ai_mern_image_generation
1049,uberspot,2048-android
1049,golang-design,history
1049,avdi,naught
1049,kornelski,dssim
1049,rtCamp,action-slack-notify
1049,zhengtianzuo,QtQuickExamples
1049,defunkt,cijoe
1049,victorvoid,dinoql
1049,jasonday,printThis
1049,oldratlee,fucking-java-concurrency
1049,kimsungwhee,KSHObjcUML
1049,beeper,self-host
1049,ankane,pgslice
1049,ufna,VaRest
1049,christophercalm,if-im-gone
1049,toblum,McLighting
1049,BeautyyuYanli,full-mark-composition-generator
1049,yidao620c,SpringBootBucket
1049,vincentneo,LosslessSwitcher
1049,dominikh,gotraceui
1049,marciok,Mu
1049,Consensys,surya
1049,microsoft,botframework-solutions
1048,kartik-v,bootstrap-star-rating
1048,MewPurPur,GodSVG
1048,nang-dev,hover-paywalls-browser-extension
1048,saojs,sao
1048,rocky,python-decompile3
1048,hzoo,awesome-gametalks
1048,tensorflow,tfjs-node
1048,mariocasciaro,object-path
1048,abo-abo,org-download
1048,aweary,react-perimeter
1048,chrisbanes,gradle-mvn-push
1048,mitchcurtis,slate
1048,fashiontec,bodyapps-artwork
1048,Amejia481,Associate-Android-Developer-Certification
1048,Unity-Technologies,SpaceshipDemo
1048,projecthamster,hamster
1048,steipete,AFDownloadRequestOperation
1048,rochacbruno,python-project-template
1048,endrift,gbajs
1048,neoclide,coc-tsserver
1048,ruslanskorb,RSKGrowingTextView
1048,kentcdodds,testing-react-apps
1048,scottdejonge,map-icons
1048,Chuyu-Team,VC-LTL
1048,dwyl,learn-aws-lambda
1048,jamierumbelow,codeigniter-base-model
1048,vector-of-bool,pitchfork
1048,bytedance,memory-leak-detector
1048,mingrammer,flog
1048,Unity-Technologies,XR-Interaction-Toolkit-Examples
1048,NV,chrome-devtools-autosave
1048,ipython,xkcd-font
1047,dmvaldman,samsara
1047,mpplab,mnssp3
1047,pinterest,pinball
1047,MeetYouDevs,cocoapods-imy-bin
1047,OpenZWave,open-zwave
1047,JERRY-Z-J-R,I-love-you-3-thousand
1047,Pulkit-Khandelwal,Reinforcement-Learning-Notebooks
1047,hashivim,vim-terraform
1047,MicrosoftEdge,static-code-scan
1047,MinaMichita,AntiAntiDefraud
1047,bodil,vgtk
1047,hnasr,javascript_playground
1047,jondot,rust-how-do-i-start
1047,opensource-socialnetwork,opensource-socialnetwork
1047,Leifzhang,AndroidAutoTrack
1047,rhomobile,rhodes
1047,jrieke,best-of-streamlit
1047,fakefs,fakefs
1047,Enclavely,tailor
1047,Grover-c13,PokeGOAPI-Java
1047,zhjohnchan,awesome-image-captioning
1047,BVE-Reborn,rend3
1047,bradleyboy,tuql
1047,ninjaaron,replacing-bash-scripting-with-python
1047,CMA-ES,pycma
1047,mtuomi,SecondReality
1047,kaievns,halmak
1047,rhiever,datacleaner
1047,brofield,simpleini
1047,Jacksaur,Gorgeous-GRUB
1047,fashiontec,fashiontec.org
1047,oznu,docker-cloudflare-ddns
1047,TorchEnsemble-Community,Ensemble-Pytorch
1047,sirxemic,jquery.ripples
1047,ShadowMario,FNF-PsychEngine
1047,kubernetes-retired,service-catalog
1047,lynchjames,obsidian-mind-map
1046,wubx,rust-in-databend
1046,jx-sec,jxwaf
1046,sakaiproject,sakai
1046,alijahnas,CKA-practice-exercises
1046,HuolalaTech,hll-wp-therouter-android
1046,wwmz,WMZDialog
1046,marcrobledo,savegame-editors
1046,phodal,booktree
1046,GaloisInc,HaLVM
1046,jaweii,Vueg----page-transition-plugin
1046,wvanbergen,chunky_png
1046,openai,dalle-2-preview
1046,code-kotis,qr-code-scanner
1046,sustainable-computing-io,kepler
1046,PyO3,rust-numpy
1046,game-icons,icons
1046,SecHex,SecHex-Spoofy
1046,pAulseperformance,awesome-pinescript
1046,kevthehermit,PasteHunter
1046,dev47apps,droidcam-linux-client
1046,fengyuanchen,vue-qrcode
1046,c4urself,bump2version
1046,nicanorflavier,spf-dkim-dmarc-simplified
1046,gpbl,SwiftChart
1046,netevert,sentinel-attack
1046,nikhilpanju,RecyclerViewEnhanced
1046,test502git,awvs14-scan
1046,agemagician,ProtTrans
1046,iPower,KasperskyHook
1046,cedrickchee,awesome-transformer-nlp
1046,dzzzzzy,Nestjs-Learning
1046,tshelburne,redux-batched-actions
1046,mrjones2014,legendary.nvim
1046,replit,upm
1046,NeymarL,ChineseChess-AlphaZero
1046,passivestar,quickmenu
1046,deepzec,Bad-Pdf
1046,hiromis,notes
1046,greiman,SdFat
1046,mobinsheng,books
1046,bayesgroup,deepbayes-2018
1046,PyCQA,flake8-bugbear
1046,mgmeyers,obsidian-style-settings
1045,Behat,Gherkin
1045,monitoringsucks,tool-repos
1045,wangsongyan,wblog
1045,chowa,ejyy
1045,linkedin,test-butler
1045,jiang111,RxJavaApp
1045,JCluzet,42_EXAM
1045,bedimcode,portfolio-responsive-complete
1045,nibbstack,erc721
1045,hoteltonight,HTAutocompleteTextField
1045,0x5bfa,FluentHub
1045,damklis,DataEngineeringProject
1045,intelligent-machine-learning,dlrover
1045,outworkers,phantom
1045,stephane-monnot,react-vertical-timeline
1045,gnobitab,InstaFlow
1045,PlumHound,PlumHound
1045,opral,monorepo
1045,neuronika,neuronika
1045,clj-python,libpython-clj
1045,cybertec-postgresql,pg_timetable
1045,tiangolo,nginx-rtmp-docker
1045,dperson,openvpn-client
1045,vuejs,vue-web-component-wrapper
1045,rushter,selectolax
1045,munin-monitoring,contrib
1045,stripe,smokescreen
1045,spatie,laravel-multitenancy
1045,susam,uncap
1045,wannesm,dtaidistance
1045,ncase,sight-and-light
1045,joewalnes,filtrex
1045,keeferrourke,capitaine-cursors
1045,open-mmlab,playground
1045,inokawa,virtua
1045,KyleBing,rime-wubi86-jidian
1045,python-hyper,hyper
1045,reactor,lite-rx-api-hands-on
1045,antfu,qrcode-toolkit
1045,maum-ai,voicefilter
1045,michelson,lazy_high_charts
1045,NickColley,jest-axe
1045,AnalyzerREST,python-tradingview-ta
1045,codetainerapp,codetainer
1045,laurentS,slowapi
1045,zjukg,KG-LLM-Papers
1044,borball,weixin-sdk
1044,nmn,react-timeago
1044,huacnlee,rails-settings-cached
1044,brianc,node-sql
1044,leafsphp,leaf
1044,umap-project,umap
1044,matbeich,StickyCollectionView
1044,fashiontec,openwash-android
1044,dotliquid,dotliquid
1044,spymastermatt,thunderbird-monterail
1044,rakkasjs,rakkasjs
1044,JakeWharton,retrofit2-kotlinx-serialization-converter
1044,vysecurity,RedTips
1044,skrub-data,skrub
1044,FrontendMasters,front-end-handbook-2024
1044,RazrFalcon,tiny-skia
1044,mybb,mybb
1044,deepseek-ai,DeepSeek-Coder-V2
1044,natefinch,gorram
1044,pyca,pynacl
1044,ternaus,TernausNet
1044,getify,monio
1044,fashiontec,openwash-hardware
1044,simd-lite,simd-json
1044,mrash,fwknop
1044,synzen,MonitoRSS
1044,facebookincubator,dhcplb
1044,barronwaffles,dwc_network_server_emulator
1044,cprcrack,VideoEnabledWebView
1044,verus-lang,verus
1044,fashiontec,labs.fashiontec.org
1044,adbertram,Random-PowerShell-Work
1044,wubinzzu,NeuRec
1044,opsgenie,kubernetes-event-exporter
1044,kciter,GlitchLabel
1044,Marker-Inc-Korea,AutoRAG
1043,hzlzh,Alfred-Workflows
1043,sheldonxxd,obsidian_vault_template_for_researcher
1043,dwisiswant0,go-dork
1043,klen,pylama
1043,carpedm20,NTM-tensorflow
1043,Bastardkb,Charybdis
1043,JoaquimLey,faboptions
1043,brettkromkamp,contextualise
1043,jarlen,PhotoEditDemo
1043,caged,gitnub
1043,fashiontec,openwash-firmware
1043,FormidableLabs,redux-little-router
1043,niltsh,MPlayerX
1043,CoderMikeHe,MHDevelopExample_Objective_C
1043,mixpanel,mixpanel-iphone
1043,pal1000,Realtek-UAD-generic
1043,machty,emblem.js
1043,joelparkerhenderson,monorepo-vs-polyrepo
1043,antonmedv,countdown
1043,Jhy1993,HAN
1043,newaetech,chipwhisperer
1043,rishavanand,github-profilinator
1043,sharksforarms,deku
1043,fashiontec,openwash-iOS
1043,areed1192,sigma_coding_youtube
1043,RhinoSecurityLabs,Security-Research
1043,leostera,caramel
1043,Neeky,mysqltools
1043,lanyi1998,DNSlog-GO
1043,davidguttman,react-pivot
1043,EFeru,hoverboard-firmware-hack-FOC
1043,egoist,bili
1043,simpligility,android-maven-plugin
1043,gmate,gmate
1043,C0nw0nk,Nginx-Lua-Anti-DDoS
1043,npocmaka,batch.scripts
1043,xiaobei666,weixin-xiaochengxu666-info
1043,skvadrik,re2c
1043,0xKayala,NucleiFuzzer
1043,flycash,interview-baguwen
1043,leslievan,semi-utils
1043,YuwenXiong,py-R-FCN
1043,itbooks1024,books-pdf
1043,bramses,bramses-highly-opinionated-vault-2023
1043,qfettes,DeepRL-Tutorials
1043,naoto0804,pytorch-AdaIN
1043,jasmcaus,opencv-course
1043,WilliamXu96,ABP-MicroService
1043,hexpm,hexpm
1042,random-robbie,bruteforce-lists
1042,uname-yang,pysnowball
1042,qsniyg,maxurl
1042,xiongwei-git,AndroidVideoPlayer
1042,bcherny,frontend-interview-questions
1042,eacdy,spring-cloud-study
1042,xrayfree,free-ssr-ss-v2ray-vpn-clash
1042,briandilley,jsonrpc4j
1042,Prince-Mendiratta,X-tra-Telegram
1042,tpope,vim-projectionist
1042,sagframe,sagacity-sqltoy
1042,mbtaviz,mbtaviz.github.io
1042,feiskyer,linux-perf-examples
1042,fashiontec,openwash-web
1042,grapheco,InteractiveGraph
1042,terrajobst,minsk
1042,laruence,yaconf
1042,NREL,EnergyPlus
1042,sstephenson,stitch
1042,pielco11,fav-up
1042,jatinchowdhury18,AnalogTapeModel
1042,webyrd,Barliman
1042,blackarrowsec,redteam-research
1042,PacktPublishing,Learning-JavaScript-Data-Structures-and-Algorithms-Third-Edition
1042,jobbyphp,jobby
1042,golangci,awesome-go-linters
1042,WankkoRee,eaio
1042,tvvocold,FOSS-for-Dev
1042,floodsung,LearningToCompare_FSL
1042,OmerYa,Invisi-Shell
1042,davidfowl,Todos
1042,yizhen20133868,Awesome-SLU-Survey
1042,BiZken,PhishMailer
1042,iwind,rockmongo
1042,LiteLDev,LeviLamina
1042,agentcoinorg,evo.ninja
1041,react-native-audio-toolkit,react-native-audio-toolkit
1041,igrigorik,em-synchrony
1041,gpjt,webgl-lessons
1041,adyanth,openwrt-tailscale-enabler
1041,theia-ide,theia-apps
1041,Keypirinha,Keypirinha
1041,d3ckx1,Fvuln
1041,latentcat,uvcanvas
1041,chaosforgeorg,doomrl
1041,SebLague,Ray-Marching
1041,distribyted,distribyted
1041,andrewbanchich,forty-jekyll-theme
1041,gltwy,LTScrollView
1041,agelastic,eudyptula
1041,zargony,fuse-rs
1041,idevz,vanilla
1041,sensorium,Mozzi
1041,xillwillx,skiptracer
1041,trumail,trumail
1041,TalksLab,metro-bootstrap
1041,baoboa,pyqt5
1041,fashiontec,openwash-server
1041,bryanedds,Nu
1041,gajus,prepack-webpack-plugin
1041,PCrnjak,PAROL6-Desktop-robot-arm
1041,tailwindlabs,tailwindcss-container-queries
1041,Shopify,job-iteration
1041,fsbolero,Bolero
1041,twitter,cassovary
1041,uber,fiber
1041,ridgepole,ridgepole
1041,jiep,offensive-ai-compilation
1041,caffeine-overload,bandinchina
1041,Anviking,Decodable
1041,metrico,qryn
1041,Piplin,Piplin
1041,exyte,ScalingHeaderScrollView
1041,afontcu,awesome-learning
1041,watilde,beeplay
1041,arundo,adtk
1041,fashiontec,openwash-artwork
1041,ervandew,eclim
1040,draeton,stitches
1040,ggomaeng,react-native-card-modal
1040,atemerev,skynet
1040,flow-project,flow
1040,sveltecult,franken-ui
1040,juntang-zhuang,Adabelief-Optimizer
1040,uds-se,fuzzingbook
1040,DataTables,Plugins
1040,methusalah,SplineMesh
1040,cybercog,laravel-ban
1040,NtQuery,Scylla
1040,rkkr,simple-keyboard
1040,alexeyten,qr-image
1040,random-robbie,My-Shodan-Scripts
1040,sail-sg,envpool
1040,microsoft,clrmd
1040,geohot,ai-notebooks
1040,NikolayIT,ASP.NET-Core-Template
1040,microsoft,mssql-jdbc
1040,fashiontec,sewing-machine-firmware
1040,BrainMaestro,composer-git-hooks
1040,GNOME,meld
1040,caoscott,SReC
1040,tapharmonic,Learning-AV-Foundation
1040,googleprojectzero,Jackalope
1040,remix-run,indie-stack
1040,fashiontec,openwash-format
1040,python-excel,xlwt
1040,hamishcoleman,thinkpad-ec
1040,voltrue2,in-app-purchase
1040,daniel-hutao,k8s-source-code-analysis
1040,EliverLara,candy-icons
1040,diyan,pywinrm
1040,hdl-util,hdmi
1040,pluja,whishper
1040,webkul,csspin
1040,endgameinc,RTA
1039,adventuresinML,adventures-in-ml-code
1039,hundredrabbits,Dotgrid
1039,fashiontec,knit-format
1039,abertsch72,unlimiformer
1039,Shopify,shopify-api-ruby
1039,Petterpx,FloatingX
1039,nathanbuchar,atom-one-dark-terminal
1039,TIBCOSoftware,snappydata
1039,silence1772,GreedySnake
1039,gajus,roarr
1039,camunda,camunda-bpm-examples
1039,s3ql,s3ql
1039,thomasloven,lovelace-card-mod
1039,pe3zx,my-infosec-awesome
1039,hendrycks,test
1039,aim-uofa,AdelaiDepth
1039,acidicoala,Koalageddon
1039,robbiebarrat,rapping-neural-network
1039,saniales,golang-crypto-trading-bot
1039,sameersbn,docker-postgresql
1039,tony-pizza,Stereogram.js
1039,AlbertoMontalesi,The-complete-guide-to-modern-JavaScript
1039,loopeer,itemtouchhelper-extension
1039,cloudroc,baidu-nolimit
1039,src-d,go-mysql-server
1039,freeCodeCamp,LearnToCodeRPG
1039,lukeed,sirv
1039,antvis,G
1039,0xacx,chatGPT-shell-cli
1039,hasktorch,hasktorch
1039,sharkdp,binocle
1039,homebridge,homebridge-raspbian-image
1039,hans,obsidian-citation-plugin
1039,obsidianforensics,hindsight
1039,robin-shaun,XTDrone
1039,awslabs,aws-sdk-ios-samples
1039,beardicus,awesome-plotters
1039,guinmoon,LLMFarm
1039,NVIDIA-AI-IOT,jetracer
1039,S3cur3Th1sSh1t,Creds
1039,daviddias,awesome-hacking-locations
1038,devilsen,CZXing
1038,Jannchie,anichart.js
1038,saucepleez,taskt
1038,notepad-plus-plus,nppPluginList
1038,codefuse-ai,codefuse-chatbot
1038,zhaoxianjin,91porn
1038,google-research,deduplicate-text-datasets
1038,P3GLEG,Whaler
1038,Jacalz,rymdport
1038,polarphp,polarphp
1038,jayrambhia,Install-OpenCV
1038,peterh,liner
1038,libxmljs,libxmljs
1038,deliciousbrains,wp-background-processing
1038,Skytils,SkytilsMod
1038,philipperemy,keract
1038,tomthecarrot,arcore-for-all
1038,mpvue,awesome-mpvue
1038,razimantv,mazegenerator
1038,line,promgen
1038,developit,web-worker
1038,cheeaun,mooeditable
1038,enisn,UraniumUI
1038,rosario,kasper
1038,KaiDMML,FakeNewsNet
1038,Netflix,astyanax
1038,google,mangle
1038,btrask,stronglink
1038,eduosi,district
1038,apple,swift-atomics
1038,go-workflow,go-workflow
1038,hivemq,hivemq-community-edition
1038,cyoung,stratux
1038,inducer,pyopencl
1038,tdamdouni,Pythonista
1038,Las-Fuerzas-Del-Cielo,Sistema-Anti-Fraude-Electoral
1038,daddyz,phonelib
1038,cisagov,CHIRP
1038,docker,docker-credential-helpers
1038,veselink1,refl-cpp
1038,lukeed,sade
1038,wisk,medusa
1038,halaxa,json-machine
1038,devploit,nomore403
1038,vrld,hump
1038,syncfusion,essential-ui-kit-for-xamarin.forms
1038,OverTheWireOrg,OverTheWire-website
1038,ElasticSea,unity-fracture
1038,TideSec,GoBypassAV
1037,mikalhart,TinyGPSPlus
1037,TrueBlocks,trueblocks-core
1037,NativeScript,nativescript-cli
1037,lukeaschenbrenner,TxtNet-Browser
1037,taoensso,nippy
1037,archseer,enigma
1037,rafaelpadilla,review_object_detection_metrics
1037,0xInfection,XSRFProbe
1037,crosire,blink
1037,ranahanocka,point2mesh
1037,Julienh,Sharrre
1037,NoTests,RxFeedback.swift
1037,charmbracelet,wishlist
1037,simonwagner,mergepbx
1037,RustAudio,vst-rs
1037,AlexFanw,HUSTER-CS
1037,rehiy,dnspod-shell
1037,niuhuan,daisy
1037,dropbox,dbxcli
1037,prakash-chakraborty,free-tshirts-stickers-and-swag-for-developers
1037,kolber,stacey
1037,ivopetiz,algotrading
1037,microsoft,roosterjs
1037,pgjones,hypercorn
1037,jharwig,PPSSignatureView
1037,CyberSecurityUP,Cloud-Security-Attacks
1037,discord,discord-rpc
1037,crashmax-dev,fireworks-js
1037,neuvector,neuvector
1037,bboyairwreck,PieMessage
1037,unity3d-jp,FrameCapturer
1037,klaudiosinani,hyper-pokemon
1037,VPanjeta,ModiScript
1037,learnk8s,kubernetes-production-best-practices
1037,the-xentropy,xencrypt
1037,tryzealot,zealot
1037,alexhude,uEmu
1037,man-c,pycoingecko
1037,kubernetes-sigs,scheduler-plugins
1037,CooperRS,RMStepsController
1037,payloadbox,xxe-injection-payload-list
1037,bkrem,react-d3-tree
1037,haml,haml-rails
1037,mitre,advmlthreatmatrix
1037,JakeWharton,Android-DirectionalViewPager
1037,projectfluent,fluent-rs
1036,Gavin-ZYX,StickyDecoration
1036,pixiedust,pixiedust
1036,psiegman,epublib
1036,microsoft,PowerBI-JavaScript
1036,thedev-id,thedev.id
1036,petabridge,akka-bootcamp
1036,alpinelinux,docker-alpine
1036,famiu,feline.nvim
1036,haileys,jsos
1036,crgimenes,grupo-estudos-golang
1036,niuhuan,jenny
1036,maximecb,noisecraft
1036,GuitarML,NeuralPi
1036,xiangwang1223,knowledge_graph_attention_network
1036,graphql,swapi-graphql
1036,mrkn,pycall.rb
1036,nov,fb_graph
1036,FrankFang,wheels
1036,fashiontec,sewing-machines-app
1036,elixir-explorer,explorer
1036,LinXueyuanStdio,LaTeX_OCR_PRO
1036,SonicCloudOrg,sonic-ios-bridge
1036,IjzerenHein,autolayout.js
1036,gregs1104,pgtune
1036,StefanScherer,windows-docker-machine
1036,andreasKroepelin,polylux
1036,benbalter,wordpress-to-jekyll-exporter
1036,ivanov,vim-ipython
1036,JetBrains,intellij-sdk-code-samples
1036,renoki-co,laravel-eloquent-query-cache
1036,dheera,rosshow
1036,genodelabs,genode
1036,bitfoundation,bitplatform
1036,FooSoft,yomichan
1036,brutal-org,brutal
1035,Tongsuo-Project,Tongsuo
1035,Sprytile,Sprytile
1035,tikv,rust-prometheus
1035,Overv,MineAssemble
1035,GregFinzer,Compare-Net-Objects
1035,DanielHe4rt,php4noobs
1035,wouterkool,attention-learn-to-route
1035,benrugg,AI-Render
1035,persian-tools,persian-tools
1035,fortytw2,leaktest
1035,ElementsProject,elements
1035,madsbangh,EasyButtons
1035,ghost1372,HandyControls
1035,xiangsudian,CaoMei
1035,ericjang,awesome-graphics
1035,codeacme17,examor
1035,TencentBlueKing,bk-sops
1035,sudomesh,disaster-radio
1035,LeagueSandbox,GameServer
1035,comet-ml,kangas
1035,ActiveState,appdirs
1035,ZigEmbeddedGroup,microzig
1035,vueup,vue-quill
1035,bambinos,bambi
1035,keijiro,Pix2Pix
1035,versatica,mediasoup-demo
1035,DataTables,VisualEvent
1035,Jack-Liang,kalitools
1035,alfg,docker-nginx-rtmp
1035,leungwensen,svg-icon
1035,facebookarchive,bistro
1035,ledccn,IYUUPlus
1035,wandergis,coordTransform_py
1035,mbzuai-oryx,Video-ChatGPT
1035,Stardustsky,SaiDict
1035,ndeet,unzipper
1035,facebookresearch,VMZ
1035,AEPKILL,devtools-detector
1035,vrtbl,passerine
1035,anthropics,anthropic-sdk-python
1035,WebAudio,web-audio-api
1034,begriffs,css-ratiocinator
1034,toineheuvelmans,Metron
1034,DefactoSoftware,Hours
1034,odan,learn-php
1034,breuleux,jurigged
1034,shiyybua,NER
1034,bcmi,Awesome-Image-Composition
1034,antwankakki,FabricView
1034,eliasts,Ocean_Community_Next_Gen
1034,MatthieuCourbariaux,BinaryNet
1034,rossumur,esp_8_bit
1034,kubernetes-sigs,sig-storage-local-static-provisioner
1034,liufengting,FTPopOverMenu
1034,Jondolf,bevy_xpbd
1034,klbostee,dumbo
1034,dli,waves
1034,Netflix,Priam
1034,arthepsy,CVE-2021-4034
1034,developit,decko
1034,antonkrasov,AndroidSocialNetworks
1034,tk04,Marker
1034,Wscats,CV
1034,FrigadeHQ,remote-storage
1034,CDrummond,cantata
1034,arbox,nlp-with-ruby
1034,phosphorjs,phosphor
1034,HollyAdele,awesome-programming-for-kids
1034,tsejx,javascript-guidebook
1034,vitalets,awesome-smart-tv
1034,iamturns,eslint-config-airbnb-typescript
1034,DocsHome,nginx-docs
1034,MaybeShewill-CV,CRNN_Tensorflow
1034,oreilly-japan,deep-learning-from-scratch-2
1034,JnuSimba,AndroidSecNotes
1034,windiest,Angular-news
1034,sdushantha,tmpsms
1034,microsoft,Oscar
1034,RocketChat,Rocket.Chat.iOS
1034,tomzaku,react-native-shimmer-placeholder
1034,ramensoftware,windhawk
1034,webfrogs,xcode_shell
1034,automl,SMAC3
1034,hassanhabib,The-Standard
1034,lupantech,chameleon-llm
1034,witalihirsch,qBitTorrent-fluent-theme
1033,sebleier,django-redis-cache
1033,remotion-dev,trailer
1033,naturalcrit,homebrewery
1033,Nightonke,BlurLockView
1033,jed,140bytes
1033,ether,pad
1033,simsong,bulk_extractor
1033,krateng,maloja
1033,christianbach,tablesorter
1033,LordNoteworthy,cpu-internals
1033,geerlingguy,ansible-role-mysql
1033,pili-engineering,PLCameraStreamingKit
1033,wpilibsuite,allwpilib
1033,vitkarpov,coding-interviews-blog-archive
1033,autonomousvision,transfuser
1033,tmux-plugins,list
1033,gitlab4j,gitlab4j-api
1033,rlancemartin,auto-evaluator
1033,evanyeung,terminal-slack
1033,GCX-HCI,ThirtyInch
1033,ZHacker13,ReverseTCPShell
1033,xingchenpro,MindManager
1033,colorfy-software,react-native-modalfy
1033,jgthms,marksheet
1033,learnopengles,Learn-OpenGLES-Tutorials
1033,luwes,sinuous
1033,fukamachi,clack
1033,simon987,awesome-datahoarding
1033,jotaen,xit
1033,Hitomis,ActivitySwitcher
1033,SciRuby,daru
1033,CapitaineJSparrow,emusak-ui
1033,ttrftech,NanoVNA
1033,highcharts,highcharts-react
1033,python,asyncio
1033,maqetta,maqetta
1033,OWASP,joomscan
1033,hantuzun,awesome-clojurescript
1033,serengil,tensorflow-101
1033,aliyun,darabonba
1033,0xalpharush,awesome-MEV-resources
1033,Bit-Wasp,bitcoin-php
1033,ExperienceLovelace,ha-floorplan
1033,7sDream,zhihu-py3
1033,la10736,rstest
1033,danger,swift
1033,dennis-tra,pcp
1032,AlaaAttya,software-architect-roadmap
1032,wesbos,burner-email-providers
1032,fo-dicom,fo-dicom
1032,walkccc,LeetCode
1032,Rise-Software,Rise-Media-Player
1032,kenjis,php-framework-benchmark
1032,begla,Intrinsic
1032,runningcheese,Awesome-Zlibrary
1032,ghodss,yaml
1032,LordAmit,Brightness
1032,codedgar,Puppertino
1032,qingmei2,blogs
1032,elixirs,faker
1032,Dillettant,Athena
1032,RobThree,TwoFactorAuth
1032,deathmemory,FridaContainer
1032,zalando-incubator,graphql-jit
1032,ioi,isolate
1032,brandonwamboldt,utilphp
1032,zhaoweicai,cascade-rcnn
1032,Ovilia,ovilia.github.io
1032,pytroll,satpy
1032,devsnd,cherrymusic
1032,dart-lang,pub
1032,oxidane,tmuxomatic
1032,brainix,pottery
1032,FengJungle,DesignPattern
1032,chaps-io,gush
1032,IronsDu,brynet
1032,Ne0nd0g,go-shellcode
1032,vkohaupt,vokoscreenNG
1032,tareqimbasher,NetPad
1032,csnover,TraceKit
1032,bootcards,bootcards
1032,burningcl,wechat_jump_hack
1032,fuergaosi233,gitbook2pdf
1032,yaodongC,awesome-instruction-dataset
1032,jaywcjlove,iNotify
1031,dfm,osrc
1031,Nekogram,Nekogram
1031,mattmassicotte,ConcurrencyRecipes
1031,andresriancho,enumerate-iam
1031,evanw,webgl-filter
1031,ChrisRx,dungeonfs
1031,tc39,agendas
1031,JPaulMora,Pyrit
1031,Zuikyo,iOS-System-Symbols
1031,Azure,acs-engine
1031,davidtheclark,react-aria-modal
1031,atulmy,fullstack-graphql
1031,cov-lineages,pango-designation
1031,SweetIQ,schemats
1031,py-why,causal-learn
1031,rigaya,NVEnc
1031,lyft,scoop
1031,gotgit,gotgit
1031,ubilabs,react-geosuggest
1031,emilsjolander,StickyScrollViewItems
1031,CosmWasm,cosmwasm
1031,EnlighterJS,EnlighterJS
1031,zostera,django-bootstrap4
1031,cardwing,Codes-for-Lane-Detection
1031,pesser,stable-diffusion
1031,deckhouse,deckhouse
1031,enkisoftware,imgui_markdown
1031,OpenDriver2,REDRIVER2
1031,EddyVerbruggen,Custom-URL-scheme
1031,willdurand,Hateoas
1031,nlpinaction,learning-nlp
1031,CheshireCC,faster-whisper-GUI
1031,DirtyHairy,async-mutex
1030,OXeu,Rin
1030,dustingetz,react-cursor
1030,jakemmarsh,angularjs-gulp-browserify-boilerplate
1030,yllg,mpvue-xbyjShop
1030,docopt,docopt.cpp
1030,oss-bandb,GraphView
1030,raawaa,jav-scrapy
1030,xingyizhou,ExtremeNet
1030,mitsuba-renderer,mitsuba
1030,cocaine,cocaine-core
1030,Renumics,spotlight
1030,1046102779,prometheus
1030,hyperledger-archives,burrow
1030,ElemeFE,react-amap
1030,mariostoev,finviz
1030,FreeOpcUa,opcua-asyncio
1030,LoSenTrad,LSTPopView
1030,cisagov,decider
1030,lucascudo,laravel-pt-BR-localization
1030,OpenBMB,VisCPM
1030,xdtianyu,scripts
1030,tpyo,amazon-s3-php-class
1030,spacejam,tla-rust
1030,oxwhirl,smac
1030,iCGY96,awesome_OpenSetRecognition_list
1030,Tencent,tgfx
1030,FrenchYeti,dexcalibur
1030,MakeYourPet,hexapod
1030,paulolramos,eslint-prettier-airbnb-react
1030,phimpme,phimpme-android-v1
1030,devmentors,DNC-DShop
1030,alembic,alembic
1030,wevm,vocs
1030,tangjianpku,LINE
1030,idno,known
1030,jd-solanki,anu
1030,ahertel,Amazon-Fresh-Whole-Foods-delivery-slot-finder
1030,architect,dynalite
1030,josephernest,writing
1030,COVESA,vsomeip
1030,symfony,templating
1030,lhunath,guide.bash.academy
1030,gmamaladze,globalmousekeyhook
1030,authomatic,authomatic
1029,FlyingPumba,SimpleRatingBar
1029,pchab,ProjectRTC
1029,holepunchto,hyperswarm
1029,wahyd4,aria2-ariang-docker
1029,icerockdev,moko-resources
1029,davidfowl,BedrockFramework
1029,google,cmockery
1029,emmericp,MoonGen
1029,okfn-brasil,querido-diario
1029,keirp,automatic_prompt_engineer
1029,lxzan,gws
1029,CombineCommunity,RxCombine
1029,wstrange,GoogleAuth
1029,midas-research,audino
1029,gcanti,monocle-ts
1029,nccgroup,SocksOverRDP
1029,imageslr,weapp-library
1029,CE-Programming,CEmu
1029,syphon-org,syphon
1029,mfontanini,presenterm
1029,codebytere,so-you-want-an-internship
1029,AIRLegend,aitrack
1029,itrewub,jh-notes
1029,tristanhimmelman,HidingNavigationBar
1029,chdsbd,kodiak
1029,HurTeng,StormPlane
1029,kuangdd,ttskit
1029,cdglabs,apparatus
1029,souvikinator,notion-to-md
1029,iobridge,thingspeak
1029,webcomponents,gold-standard
1029,microsoft,powerapps-tools
1029,spring-projects,spring-hateoas
1029,aceinnolab,Inkycal
1029,AdamLaurie,RFIDIOt
1029,Flyrell,axios-auth-refresh
1029,joerdav,xc
1029,Mijick,PopupView
1029,snc,SncRedisBundle
1029,manzinello,mailgo
1029,emacs-lsp,lsp-ui
1029,forcedotcom,postman-salesforce-apis
1029,tiagohm,MarkdownView
1029,cheese10yun,spring-jpa-best-practices
1029,chengzeyi,stable-fast
1029,nature-of-code,noc-examples-p5.js
1029,jfcere,ngx-markdown
1028,sebastianbergmann,cli-parser
1028,amitshekhariitbhu,Kotlin-Coroutines-Android-Examples
1028,stevenlei,spacingjs
1028,metachris,logzero
1028,tikv,pd
1028,headmelted,codebuilds
1028,jeremytammik,RevitLookup
1028,bricelam,ImageResizer
1028,Metarget,metarget
1028,javalent,admonitions
1028,gookit,validate
1028,wangshengjia,VWInstantRun
1028,aws,amazon-ssm-agent
1028,awslabs,aws-sdk-android-samples
1028,gitchain,gitchain
1028,xlang-ai,OSWorld
1028,spring-cloud,spring-cloud-function
1028,angular,angular.io
1028,psanford,wormhole-william
1028,TYPO3,typo3
1028,jiahuang,d3-timeline
1028,kuixu,kitti_object_vis
1028,phimpme,phimpme-generator
1028,z56402344,BaseAnimation
1028,gantry,gantry5
1028,prsyahmi,GpuRamDrive
1028,romansorochak,ParallaxHeader
1028,vadimdemedes,gifi
1028,liaogx,fastapi-tutorial
1028,lucperkins,colossus
1028,dyve,django-bootstrap-toolkit
1028,planck-repl,planck
1028,phusion,juvia
1028,seniv,react-native-notifier
1028,luanshiyinyang,awesome-multiple-object-tracking
1028,wzpan,BeamerStyleSlides
1028,kelvins,algorithms-and-data-structures
1028,edgurgel,poxa
1028,callicoder,spring-boot-websocket-chat-demo
1028,nomic-ai,pygpt4all
1028,sysdream,chashell
1028,platomav,MEAnalyzer
1028,hakuna-m,wubiuefi
1028,BAILOOL,DoYouEvenLearn
1028,pmacct,pmacct
1028,dmotz,trystero
1028,wh201906,SerialTest
1027,MikeMcQuaid,GitInPractice
1027,StefanoCecere,awesome-opensource-unity
1027,XmirrorSecurity,OpenSCA-cli
1027,decalage2,ViperMonkey
1027,mdisec,mdisec-twitch-yayinlari
1027,metachris,pdfx
1027,tidwall,btree
1027,i-want-offer,FE-Essay
1027,libretro,common-shaders
1027,tonymorris,fp-course
1027,openshiporg,openship
1027,aip-dev,google.aip.dev
1027,yuanxiaosc,Machine-Learning-Book
1027,cezarypiatek,MappingGenerator
1027,brunoimbrizi,interactive-particles
1027,sunset1995,DirectVoxGO
1027,alexa-js,alexa-app
1027,DoTheEvo,ANGRYsearch
1027,tnajdek,angular-requirejs-seed
1027,ku1ik,bitpocket
1027,eastmaple,easytrojan
1027,rizwansoaib,whatsapp-monitor
1027,natario1,ZoomLayout
1027,rosenpass,rosenpass
1027,phimpme,phimpme-art
1027,dddrrreee,cs140e-20win
1027,syscl,Enable-HiDPI-OSX
1027,jsocol,django-ratelimit
1027,atb033,multi_agent_path_planning
1027,elevateweb,elevatezoom
1027,ststeiger,PdfSharpCore
1027,Azure,aks-engine
1027,chriscrowe,docker-pihole-unbound
1027,runestubbe,Crinkler
1027,CityOfZion,neon-wallet
1027,apache,systemds
1026,mattdesl,workshop-webgl-glsl
1026,simc,dartx
1026,sestoft,C5
1026,geekcell,docker-compose-nodejs-examples
1026,julien-duponchelle,docker-osx
1026,vlm,asn1c
1026,lxgw,LxgwWenKai-Screen
1026,natritmeyer,site_prism
1026,topojson,world-atlas
1026,sindresorhus,wallpaper
1026,RimoChan,Vtuber_Tutorial
1026,jacobdeichert,mask
1026,shikijs,twoslash
1026,IBM-Blockchain-Archive,marbles
1026,awesomejerry,react-native-qrcode-svg
1026,t3l3machus,psudohash
1026,levskaya,jslinux-deobfuscated
1026,MicrosoftDocs,win32
1026,kylelogue,mustard-ui
1026,chinmaymk,angular-charts
1026,scihant,CTPanoramaView
1026,evidenceprime,html-docx-js
1026,Netflix-Skunkworks,sleepy-puppy
1026,kimsama,Unity-QuickSheet
1026,lmfit,lmfit-py
1026,HRNet,HRNet-Facial-Landmark-Detection
1026,DexisApp,Dexis
1026,ddiu8081,ChartFun
1026,adrian-miasik,unity-shaders
1026,Stealerium,Stealerium
1026,albingroen,react-cmdk
1026,faye,faye-websocket-ruby
1026,mcsoto,LogicJS
1026,jhaddix,pentest-bookmarks
1026,joschan21,breadit
1026,lukejacksonn,servor
1026,tmm1,perftools.rb
1026,stefanceriu,SCXcodeMiniMap
1026,bamzi,jobrunner
1026,venshine,WheelView
1026,kareman,SwiftShell
1026,desenvolvedor-io,dev-store
1026,miao1007,Openwrt-NetKeeper
1026,tapajos,trabalhando_fora
1026,spicyShrimp,U17
1026,technoweenie,attachment_fu
1026,dmlc,cxxnet
1026,grandnode,grandnode2
1026,Aashu-Dubey,React-Native-UI-Templates
1025,toml-rs,toml-rs
1025,polysemy-research,polysemy
1025,petewarden,iPhoneTracker
1025,fudan-zvg,SETR
1025,Colt,webpack-demo-app
1025,QtExcel,QXlsx
1025,johnpolacek,stacktable.js
1025,skywinder,GaugeKit
1025,nijikokun,generate-schema
1025,keijiro,Reaktion
1025,beerisgood,Windows11_Hardening
1025,d4t4x,data-selfie
1025,awslabs,aws-lambda-go-api-proxy
1025,prabathLK,PRABATH-MD
1025,sdiehl,kaleidoscope
1025,ayoolaolafenwa,PixelLib
1025,tompave,fun_with_flags
1025,Meteor-Community-Packages,meteor-collection2
1025,w3reality,three-geo
1025,hamler-lang,hamler
1025,karthink,gptel
1025,encode,broadcaster
1025,serengil,retinaface
1025,nmap,ncrack
1025,mozilla,rust-android-gradle
1025,unosquare,passcore
1025,neoforged,NeoForge
1025,facebookresearch,FixRes
1025,lonekorean,wordpress-export-to-markdown
1025,markiv,SwiftUI-Shimmer
1025,wuchong,jacman
1025,tnfe,awesome-blackmagic
1025,sevtin,KSChart
1025,yuval-alaluf,restyle-encoder
1025,benfred,venn.js
1025,mattm,simple-neural-network
1025,vgod,vimrc
1025,KevinGong2013,ChineseIDCardOCR
1025,tanjiti,sec_profile
1025,nodejs,readable-stream
1025,phimpme,labs.phimp.me
1025,polyfillpolyfill,polyfill-library
1025,azuyalabs,yasumi
1025,hao-ai-lab,LookaheadDecoding
1025,cage-kiosk,cage
1025,wandou911,ssr
1025,krishnaik06,Data-Science-Projects-For-Resumes
1025,bradfitz,goimports
1025,wh200720041,floam
1024,Polymer,old-docs-site
1024,aiyaapp,AiyaEffectsAndroid
1024,secure-software-engineering,FlowDroid
1024,nrandecker,particle
1024,unlimitedbacon,stl-thumb
1024,in28minutes,java-a-course-for-beginners
1024,google,zerocopy
1024,vccw-team,vccw
1024,napi-rs,node-rs
1024,csurfer,pyheatmagic
1024,roots,soil
1024,joogps,SlideOverCard
1024,pengxurui,AndroidFamily
1024,KaihuaTang,Scene-Graph-Benchmark.pytorch
1024,muesli,gitomatic
1024,exAspArk,batch-loader
1024,HerringtonDarkholme,vue-compiler
1024,microsoft,gated-graph-neural-network-samples
1024,danielcardoso,load-awesome
1024,centrifugal,centrifuge
1024,Calamari-OCR,calamari
1024,DREAM-DK,MAKRO
1024,matteogobbi,MGSpotyViewController
1024,MacEnhance,MacForge
1024,1n7erface,Template
1024,Setasign,FPDI
1024,fixie-ai,ai-jsx
1024,ollo69,ha-smartthinq-sensors
1024,shakacode,bootstrap-loader
1024,Haidra-Org,AI-Horde
1024,mebtte,cicada
1024,pydata,bottleneck
1024,HTMLMin,Laravel-HTMLMin
1024,DavidS95,Smokeless_UMAF
1024,socketio,socket.io-p2p
1024,thunlp,NREPapers
1024,chime,terraform-aws-alternat
1024,hetznercloud,cli
1024,flutter-mapbox-gl,maps
1024,magnars,s.el
1024,coding-parrot,Low-Level-Design
1024,syntax-tree,mdast
1024,andrea-cuttone,geoplotlib
1024,AstroNvim,astrocommunity
1024,rails,importmap-rails
1023,Slicejack,bojler
1023,zk,clojuredocs
1023,tronkko,dirent
1023,PuruVJ,macos-preact
1023,AzureAD,azure-activedirectory-identitymodel-extensions-for-dotnet
1023,Knockout-Contrib,Knockout-Validation
1023,jaimeiniesta,metainspector
1023,julien-c,Circular
1023,googlearchive,android-ScreenCapture
1023,jfinkels,flask-restless
1023,ethereum,remix-desktop
1023,VerySleepy,verysleepy
1023,guoday,Tencent2020_Rank1st
1023,pierrechevalier83,ferris
1023,wordpress-clients,hybrid
1023,Lightricks,Kintsugi
1023,the0demiurge,CharlesScripts
1023,liuran001,openwrt-packages
1023,sindresorhus,pretty-ms
1023,uzh-rpg,rpg_trajectory_evaluation
1023,apache,trafficcontrol
1023,ZiqiaoPeng,SyncTalk
1023,Picsart-AI-Research,StreamingT2V
1023,brandon-rhodes,pycon-pandas-tutorial
1023,keras-team,keras-preprocessing
1023,tomhrr,dale
1023,SUSYUSTC,MathTranslate
1023,GoSecure,malboxes
1023,adonisjs,lucid
1023,brenner8023,gdut-course
1023,dsixda,Android-Kitchen
1023,duo-labs,webauthn
1023,brianmario,charlock_holmes
1023,zadvorsky,three.bas
1023,caiogondim,logdown.js
1023,mvdan,github-actions-golang
1023,UrbanApps,UAProgressView
1023,FalsePhilosopher,badusb
1023,astroML,astroML
1023,88250,lute
1023,kwuking,TimeMixer
1022,polyfillpolyfill,fetch
1022,unshiftio,url-parse
1022,matthewrenze,clean-architecture-demo
1022,SebastiaanKlippert,go-wkhtmltopdf
1022,s0md3v,Silver
1022,shekhargulati,30-seconds-of-java
1022,njh,EtherCard
1022,replexica,replexica
1022,I-Am-Jakoby,PowerShell-for-Hackers
1022,simdutf,simdutf
1022,LinkSheet,LinkSheet
1022,tencentyun,wafer2-startup
1022,Qirky,FoxDot
1022,studydefi,money-legos
1022,repeats,Repeat
1022,Massad,gin-boilerplate
1022,balena-io,open-balena
1022,chawyehsu,dorado
1022,mdbootstrap,bootstrap-toggle-buttons
1022,lmatteis,torrent-net
1022,mrdoob,frame.js
1022,agiliq,merchant
1022,astrand,xclip
1022,BurguerJohn,Dain-App
1022,didi,echo
1022,uvipen,Super-mario-bros-A3C-pytorch
1022,andrewning,sortphotos
1022,NYAN-x-CAT,Lime-RAT
1022,wikieden,Awesome-ChatGPT-Prompts-CN
1022,NVIDIA-Merlin,NVTabular
1022,CleverProgrammers,react-challenge-amazon-clone
1022,QianMo,GPU-Gems-Book-Source-Code
1022,AlexTheAnalyst,PortfolioProjects
1022,Gisto,Gisto
1021,sebastianbergmann,code-unit
1021,nolanlawson,pinafore
1021,bats3c,DarkLoadLibrary
1021,peggyrayzis,react-native-create-bridge
1021,Code-Pop,real-world-vue
1021,gabrielchua,RAGxplorer
1021,RyanZotti,Self-Driving-Car
1021,sheredom,subprocess.h
1021,gvanrossum,patma
1021,balzer82,Kalman
1021,nesrak1,UABEA
1021,fortheusers,hb-appstore
1021,pix2pixzero,pix2pix-zero
1021,wakatime,legacy-python-cli
1021,surrealdb,surrealist
1021,ffii,ffii-projects
1021,lxc,lxcfs
1021,momosecurity,rhizobia_J
1021,ericmjl,Network-Analysis-Made-Simple
1021,getmoneynote,moneynote-api
1021,sourabhv,FlapPyBird
1021,mattphillips,deep-object-diff
1021,shell-pool,shpool
1021,chr15m,DoodleCSS
1021,zenghongtu,react-use-chinese
1021,WithSecureLabs,doublepulsar-detection-script
1021,crizstian,data-structure-and-algorithms-with-ES6
1021,pwnieexpress,raspberry_pwn
1021,serverless-operations,serverless-step-functions
1021,gohugoio,hugoDocs
1020,Augus,ngAnimate
1020,imoreapps,ffmpeg-avplayer-for-ios-tvos
1020,OpenMediaVault-Plugin-Developers,installScript
1020,curvefi,curve-contract
1020,KhronosGroup,SPIRV-Tools
1020,pixhawk,Hardware
1020,dome272,Diffusion-Models-pytorch
1020,mongodb,mongo-cxx-driver
1020,keijiro,StableFluids
1020,IacobIonut01,Gallery
1020,getkeops,keops
1020,YannickJadoul,Parselmouth
1020,aws-amplify,aws-sdk-android
1020,stefanpenner,ember-app-kit
1020,HelloChenJinJun,NewFastFrame
1020,sideeffects,GameDevelopmentToolset
1020,yomorun,hashids-java
1020,zalando,problem-spring-web
1020,nbro,understanding-math
1020,overtrue,api.yike.io
1020,samuelmeuli,mini-diary
1020,nondanee,vsc-netease-music
1020,Ch0pin,AVIator
1020,c-rainstorm,blog
1020,SChernykh,p2pool
1020,composite-primary-keys,composite_primary_keys
1020,andrewgordonwilson,bayesgan
1020,emmett-framework,emmett
1020,TeoMeWhy,teomerefs
1020,pschraut,UnityHeapExplorer
1020,susiai,susiai.github.io
1020,localstack,awscli-local
1020,florent37,SingleDateAndTimePicker
1020,langjam,langjam
1020,stellar,soroban-example-dapp
1020,Yuyz0112,dewhale
1020,scito,extract_otp_secrets
1020,ruanyf,es-checker
1020,commanded,eventstore
1020,SwagSoftware,Kisak-Strike
1020,yulichang,mybatis-plus-join
1020,qq549631030,AndroidJunkCode
1020,CiKu370,OSIF
1020,GrahamDumpleton,mod_wsgi
1020,meriyah,meriyah
1020,64bit,async-openai
1020,obsidianmd,obsidian-help
1019,mingrammer,git-tips
1019,osy,Jitterbug
1019,Tarikul711,flutter-food-delivery-app-ui
1019,r-park,todo-react-redux
1019,ShivamSarodia,ShivyC
1019,xiangjiana,Android-MS
1019,nifanfa,MOOS
1019,michaldrabik,TapBarMenu
1019,matterhorn-chat,matterhorn
1019,certsocietegenerale,IRM-deprecated
1019,floatinghotpot,casino-server
1019,dev-xo,remix-saas
1019,patrick-kidger,jaxtyping
1019,tr1s,tris-webpack-boilerplate
1019,aserto-dev,topaz
1019,google,neuroglancer
1019,uhub,awesome-cpp
1019,epoupon,lms
1019,marchof,java-almanac
1019,ethan-li-coding,SemiGlobalMatching
1019,LasseRafn,ui-avatars
1019,chrippa,ds4drv
1019,mbraak,jqTree
1019,susiai,susi_device
1019,pvzig,SlackKit
1019,jarun,imgp
1019,unclecode,crawl4ai
1019,trimstray,multitor
1019,emilwallner,Coloring-greyscale-images
1019,jcmoraisjr,haproxy-ingress
1018,docker-library,mongo
1018,AigeStudio,MultiThreadDownloader
1018,pytries,marisa-trie
1018,riggraz,no-style-please
1018,hakavlad,nohang
1018,PokeAPI,sprites
1018,vlonjat-gashi,progress-activity
1018,gpgpu-sim,gpgpu-sim_distribution
1018,ffii,FFII.org
1018,lvminghui,Java-Notes
1018,originalankur,awesome-django-admin
1018,dtolnay,rust-toolchain
1018,TakWolf,fusion-pixel-font
1018,roylee0704,gron
1018,leondz,garak
1018,tvvocold,free-for-dev-zh
1018,laodaobazi,ldbz-shop
1018,TwitchRecover,TwitchRecover
1018,kelseyhightower,intro-to-kubernetes-workshop
1018,FasterXML,jackson-annotations
1018,devote,HTML5-History-API
1018,CTurt,PS4-SDK
1018,Leslin,thinkphp5-restfulapi
1018,snuffyDev,Beatbump
1018,openenclave,openenclave
1018,numirias,semshi
1018,ffii,ffii.de
1018,nyoom-engineering,oxocarbon.nvim
1018,Tom94,tev
1018,help-me-mom,ng-mocks
1018,myhdl,myhdl
1018,serso,android-checkout
1018,codeclou,Display-Override-PropertyList-File-Parser-and-Generator-with-HiDPI-Support-For-Scaled-Resolutions
1018,minicli,minicli
1018,microsoft,onnxruntime-inference-examples
1018,kkkgo,vlmcsd
1018,XLsn0w,Cydiapps
1018,the-road-to-react-with-firebase,react-firebase-authentication
1018,tklengyel,drakvuf
1018,susiai,susi_chat
1018,evanphx,json-patch
1018,quantumiracle,Popular-RL-Algorithms
1018,obi1kenobi,cargo-semver-checks
1018,KlipperScreen,KlipperScreen
1018,guumaster,hostctl
1018,ffii,FFII-Artwork
1018,theapache64,stackzy
1018,JKorf,Binance.Net
1017,THUYimingLi,backdoor-learning-resources
1017,qicosmos,iguana
1017,pentestmonkey,unix-privesc-check
1017,burtonageo,cargo-bundle
1017,hmaverickadams,TCM-Security-Sample-Pentest-Report
1017,bestiejs,json3
1017,tommcfarlin,WordPress-Widget-Boilerplate
1017,apache,phoenix
1017,zilliztech,attu
1017,claudioc,jingo
1017,4chan,4chan-API
1017,johnpapa,vscode-peacock
1017,EvolvingLMMs-Lab,lmms-eval
1017,paradigmxyz,cryo
1017,ffii,ffii.github.io
1017,smeijer,leaflet-geosearch
1017,AndrewGuenther,fck-nat
1017,kriswiner,MPU9250
1017,CNugteren,CLBlast
1017,purescript,documentation
1017,jakejarvis,s3-sync-action
1017,dotnet-foundation,foundation
1017,turtlesoupy,this-word-does-not-exist
1017,geektutu,interview-questions
1017,appium,appium-inspector
1017,QIN2DIM,V2RSS
1017,OpenGenerativeAI,llm-colosseum
1017,service-mocker,service-mocker
1017,0nutation,SpeechGPT
1017,gradle,gradle-completion
1017,bokub,gradient-string
1017,lmstudio-ai,lms
1017,ffii,FFII-blog
1017,janodvarko,harviewer
1017,nsupdate-info,nsupdate.info
1017,p-e-w,plotinus
1017,stan-dev,rstan
1017,hlashbrooke,WordPress-Plugin-Template
1017,jogboms,flutter_offline
1017,shivasiddharth,GassistPi
1017,unjs,destr
1017,mbi,django-rosetta
1017,fengyuanchen,viewer
1016,nathansobo,treetop
1016,hughkli,Lookin
1016,zack24q,vue-navigation
1016,hyprwm,Hypr
1016,abcminiuser,lufa
1016,HarmJ0y,CheatSheets
1016,snwh,paper-gtk-theme
1016,hpyproject,hpy
1016,mediagis,nominatim-docker
1016,F6JO,RouteVulScan
1016,microsoft,playwright-cli
1016,pakrym,jab
1016,jazzband,django-defender
1016,MarioCarrion,todo-api-microservice-example
1016,runway20,PopoverView
1016,hurley25,hurlex-doc
1016,stepjam,RLBench
1016,owenliang,go-push
1016,emmabostian,design-inspiration
1016,armcha,LuseenBottomNavigation
1016,ergebnis,composer-normalize
1016,WuKongOpenSource,Wukong_ProjectManagement
1016,angular-wizard,angular-wizard
1016,adafruit,Adafruit-Eagle-Library
1016,ethereum,dapp-bin
1016,njleonzhang,vue-data-tables
1016,prayash,awesome-gatsby
1016,Widle-Studio,Grocery-App
1016,ValveSoftware,steamvr_unity_plugin
1016,janko,down
1016,YehLi,xmodaler
1016,xerial,snappy-java
1016,dapr,quickstarts
1016,Arksine,moonraker
1016,H07000223,FlycoSystemBar
1016,joeycastillo,Sensor-Watch
1016,UnchartedBull,OctoDash
1015,dellis23,ispy
1015,grin-compiler,grin
1015,romanz,electrs
1015,roc-streaming,roc-toolkit
1015,JosephKJ,OWOD
1015,ianstormtaylor,react-values
1015,KieSun,Chat-Buy-React
1015,zenorocha,codecopy
1015,UzJu,Cloud-Bucket-Leak-Detection-Tools
1015,facebookarchive,relay-starter-kit
1015,glyptodon,guacamole-server
1015,acidanthera,BrcmPatchRAM
1015,laminas,laminas-eventmanager
1015,jamieowen,glsl-blend
1015,TestStack,White
1015,dotnet-presentations,dotNETConf
1015,corrosion-rs,corrosion
1015,xiaolai,everyones-guide-for-starting-up-on-wechat-network
1015,dreikanter,sublime-bookmarks
1015,TebbaaX,Katana
1015,DmitryTsepelev,store_model
1015,janhq,awesome-local-ai
1015,blackbbc,Tucao
1015,etsy,morgue
1015,zhangyd-c,OneBlog
1015,carlosas,phpat
1015,pixray,pixray
1015,tc39,proposal-partial-application
1015,dsrkafuu,sakana-widget
1015,dempseyatgithub,BuildSettingExtractor
1015,dkern,jquery.lazy
1015,ThereminGoat,switch-scores
1015,me-no-dev,EspExceptionDecoder
1015,hashicorp,vault-guides
1015,summernote,django-summernote
1015,evalplus,evalplus
1015,cocoabits,Popup
1015,Shawn1993,cnn-text-classification-pytorch
1015,bogdan,datagrid
1015,mike-engel,jwt-cli
1015,SkriptLang,Skript
1015,MikeKovarik,exifr
1014,thephpleague,uri
1014,HashLips,hashlips_nft_minting_dapp
1014,chrisdone-archive,intero
1014,membership,membership.db
1014,TeXitoi,keyberon
1014,wy-luke,Unity-TextMeshPro-Chinese-Characters-Set
1014,firebase,firebase-functions
1014,sindresorhus,grunt-sass
1014,iyear,E5SubBot
1014,cantino,selectorgadget
1014,Vancir,365-days-get-xuanwulab-job
1014,mrtazz,checkmake
1014,AlbertSlam,Lee-SLAM-source
1014,OWASP,crAPI
1014,antimatter15,whammy
1014,Hiflylabs,awesome-dbt
1014,fxsound2,fxsound-app
1014,tty228,luci-app-wechatpush
1014,corpnewt,SSDTTime
1014,zehuamama,tinyrpc
1014,THUDM,ImageReward
1014,susiai,susi_apps
1014,zevv,lsofgraph
1014,clarkeash,doorman
1014,CoretechR,OMOTE
1014,gleam-lang,awesome-gleam
1014,cocos2d,CocosBuilder
1014,SebLague,Marching-Cubes
1014,broamski,aws-mfa
1014,flibitijibibo,SDL2-CS
1014,libexpat,libexpat
1014,neoremind,fluent-validator
1014,ajour,ajour
1014,foambubble,foam-template
1014,kitlang,kit
1014,plasticrake,tplink-smarthome-api
1014,JiehangXie,PaddleBoBo
1014,JohnSnowLabs,spark-nlp-workshop
1014,PenseAllen,PensePython2e
1014,AndroidVTS,android-vts
1013,williamngan,roll
1013,fortran-lang,stdlib
1013,convos-chat,convos
1013,donkingliang,LabelsView
1013,EddyVerbruggen,nativescript-plugin-firebase
1013,alessandro-zomparelli,tissue
1013,wywu,LAB
1013,N3-components,N3-components
1013,code-farmer-i,vue-markdown-editor
1013,cucumber,cucumber-rails
1013,page-pipepline,pipeline-editor
1013,susiai,susi_android_v1
1013,bangle-io,bangle-io
1013,hfiref0x,TDL
1013,huggingface,pytorch-pretrained-BigGAN
1013,YuzukiHD,YuzukiLOHCC-PRO
1013,hoplon,hoplon
1013,hibuz,dev-conf-replay
1013,xuxuxu-ni,vue-xuAdmin
1013,zhaojh329,oui
1013,lukasschwab,arxiv.py
1013,utkusen,wholeaked
1013,BasixKOR,awesome-activitypub
1013,iReaderAndroid,ZeusPlugin
1013,XAMPPRocky,octocrab
1013,jspsych,jsPsych
1013,ShusenTang,Deep-Learning-with-PyTorch-Chinese
1013,Thinkmill,keystatic
1013,kylecorry31,Trail-Sense
1013,phosphor-icons,react
1013,laravel,settler
1013,NextJSTemplates,startup-nextjs
1013,EthanRBrown,web-development-with-node-and-express
1013,jankae,LibreVNA
1013,needleworm,bhban_rpa
1013,KanjiVG,kanjivg
1013,ESPresense,ESPresense
1013,DIYgod,Resume
1013,polychromatic,polychromatic
1013,superedge,superedge
1013,beercss,beercss
1013,3xpl01tc0d3r,ProcessInjection
1013,gorilla,csrf
1013,sumory,lor
1013,delba,JASON
1013,cdnbye,hlsjs-p2p-engine
1013,scoumbourdis,grocery-crud
1013,SeleniumHQ,seleniumhq.github.io
1012,symfony,messenger
1012,L-Zephyr,Drafter
1012,pyproj4,pyproj
1012,copperspice,copperspice
1012,xunleif2e,vue-lazy-component
1012,OpenLogicProject,OpenLogic
1012,nealyoung,NYSegmentedControl
1012,clj-commons,manifold
1012,NytroRST,ShellcodeCompiler
1012,wakatime,vim-wakatime
1012,MakeAWishFoundation,SwiftyMocky
1012,unicar9,jizhi
1012,foxleezh,AOSP
1012,tecosaur,emacs-config
1012,PagerDuty,incident-response-docs
1012,PHPixie,Project
1012,SHI-Labs,Neighborhood-Attention-Transformer
1012,android,tv-samples
1012,illright,attractions
1012,grote,Transportr
1012,google-research,morph-net
1012,getify,TNG-Hooks
1012,Ignitetechnologies,Vulnhub-CTF-Writeups
1012,ashishb,android-malware
1012,xolox,vim-easytags
1012,nocomp,Flipper_Zero_Badusb_hack5_payloads
1012,ment-mx,Prism
1012,slimjs,slim.js
1012,brave,link-bubble
1012,mixpanel,mixpanel-android
1012,tianon,docker-postgres-upgrade
1012,rvirding,luerl
1012,2fps,recorder
1012,retypeapp,retype
1012,cweijan,vscode-office
1012,PrototypeZ,SaveState
1012,dominictarr,rc
1012,harpribot,awesome-information-retrieval
1012,happykit,flags
1012,webfansplz,temir
1012,SpiderClub,smart_login
1012,daylightstudio,FUEL-CMS
1012,ndb796,Deep-Learning-Paper-Review-and-Practice
1012,Fantasy-Studio,Paint-by-Example
1012,openbabel,openbabel
1012,susiai,susi_shell
1011,coreylynch,async-rl
1011,Paulescu,hands-on-rl
1011,nextacular,nextacular
1011,kossnocorp,jquery.turbolinks
1011,neveldo,jQuery-Mapael
1011,IVETRI,SongPlayRoBot
1011,preactjs,preact-router
1011,yiyuanjichang,dizhi
1011,zhangxd1989,springboot-dubbox
1011,d3,d3-geo
1011,SaraVieira,fiddly
1011,gnat,surreal
1011,containerd,runwasi
1011,derrickreimer,level
1011,changemewtf,no_plugins
1011,didicodes,javascript-dev-bookmarks
1011,Supervisor,initscripts
1011,davidfig,pixi-viewport
1011,ewasm,design
1011,trulyspinach,SMCAMDProcessor
1011,redhat-developer,yaml-language-server
1011,BuffaloWill,oxml_xxe
1011,lhunath,bash.academy
1011,handcircus,Unity-Resource-Checker
1011,EvgenyKashin,stylegan2-distillation
1011,HarryChen0506,react-markdown-editor-lite
1011,falnatsheh,MarkdownView
1011,pykalman,pykalman
1011,RisingStack,graffiti
1011,craig1123,react-recipes
1011,Viralmaniar,Powershell-RAT
1011,L4ys,LazyIDA
1011,feicien,android-auto-update
1011,openai,blocksparse
1010,uzbl,uzbl
1010,FranckFreiburger,vue3-sfc-loader
1010,qpython-android,qpython
1010,iamshuaidi,algo-basic
1010,stimulus-components,stimulus-components
1010,videoflow,videoflow
1010,jwilling,JNWSpringAnimation
1010,Shopify,shopify-cli
1010,dapi-labs,react-nice-avatar
1010,hkirat,notification-logger
1010,0xbadjuju,Tokenvator
1010,dmpayton,django-admin-honeypot
1010,WebSpiderUtils,verification_code
1010,tejado,telegram-nearby-map
1010,rastating,wordpress-exploit-framework
1010,RefactoringGuru,design-patterns-php
1010,golangci,golangci-lint-action
1010,django-es,django-elasticsearch-dsl
1010,magnetikonline,linux-microsoft-ie-virtual-machines
1010,BetterTyped,hyper-fetch
1010,hairrrrr,C-CrashCourse
1010,kaka3511,computer-graduation-design-idea
1010,iainc,iA-Writer-Templates
1010,G-Joker,WeaponApp
1010,kspearrin,Otp.NET
1010,m4dEngi,RemotePlayWhatever
1010,chen-rn,CUA
1010,djezzzl,database_consistency
1010,desmond1121,Android-Ptr-Comparison
1010,angulartics,angulartics2
1010,caolan,forms
1010,liangkangnan,tinyriscv
1010,liaohuqiu,android-cube-app
1010,StefanLage,SLPagingView
1010,jarrekk,Jalpc
1010,forthespada,Awsome-Courses
1010,simonw,til
1010,lucagez,Debucsser
1010,zfl9,chinadns-ng
1010,uTox,uTox
1010,yujinakayama,transpec
1010,crcn,mesh.js
1010,Norbyte,bg3se
1010,tfpk,macrokata
1010,go-gormigrate,gormigrate
1009,sagishahar-zz,lpeworkshop
1009,javafxports,openjdk-jfx
1009,IcarusRyy,NewJob
1009,gnbdev,opengnb
1009,IdentityModel,IdentityModel
1009,erkserkserks,h264ify
1009,ClusterLabs,pacemaker
1009,Profluent-AI,OpenCRISPR
1009,mattheworiordan,capybara-screenshot
1009,VainF,pytorch-msssim
1009,desandro,3dtransforms
1009,joewalnes,web-vmstats
1009,SonarSource,SonarJS
1009,samhocevar,portable-file-dialogs
1009,beyondcode,laravel-mailbox
1009,sicara,tf-explain
1009,marinskiy,HackerrankPractice
1009,sindresorhus,public-ip
1009,ryanflorence,react-training
1009,rstyro,Springboot
1009,otaha178,Emotion-recognition
1009,Mochazz,ThinkPHP-Vuln
1009,riker-rs,riker
1009,ctlllll,LLM-ToolMaker
1009,belaban,JGroups
1009,grafbase,grafbase
1009,sniklaus,sepconv-slomo
1009,adobe-type-tools,afdko
1009,omkarmoghe,Pokemap
1009,ProtonMail,gopenpgp
1009,tholian-network,stealth
1009,acdlite,redux-rx
1009,jkitchin,scimax
1009,BluestormDNA,ProjectPSX
1009,bsm,sarama-cluster
1009,rigdev,rig
1009,lepture,python-livereload
1009,nmwsharp,geometry-central
1009,Trinkle23897,THU-CST-Cracker
1009,microsoft,appcenter
1008,wl9739,BlurredView
1008,spatie,laravel-uptime-monitor
1008,trello-archive,victor
1008,malware-dev,MDK-SE
1008,protofire,solhint
1008,biubug6,Face-Detector-1MB-with-landmark
1008,curiousily,Get-Things-Done-with-Prompt-Engineering-and-LangChain
1008,chemdemo,chemdemo.github.io
1008,simplethemes,skeleton_wp
1008,choojs,hyperx
1008,slackapi,bolt-python
1008,peng-zhihui,Ctrl-FOC-Lite
1008,angular,angular2-seed
1008,thelgevold,angular-samples
1008,lf2021,Front-End-Interview
1008,kallydev,privacy
1008,wpeebles,gangealing
1008,pfelk,pfelk
1008,chrisknepper,android-messages-desktop
1008,MomenSherif,react-oauth
1008,StartBootstrap,startbootstrap-modern-business
1008,KwaiKEG,KwaiAgents
1008,EmilStenstrom,django-components
1008,Timthony,self_drive
1008,kayanouriko,E-HentaiViewer
1008,rust-num,num
1008,IanDarwin,Android-Cookbook-Examples
1008,CRED-CLUB,synth-android
1008,microsoft,DNS-Challenge
1008,flowhub,the-graph
1008,cam-inc,viron
1008,Uminosachi,sd-webui-inpaint-anything
1008,Raathigesh,fabulous
1008,mjpost,sacrebleu
1008,NVIDIA,gpu-monitoring-tools
1008,danpros,htmly
1008,ClimbSnail,HoloCubic_AIO
1008,gorhill,Javascript-Voronoi
1008,stratiformltd,react-loadable-visibility
1008,bonniee,learning-react-native
1008,cnfeat,list-of-good-things
1007,cloudfuji,kandan
1007,not-an-aardvark,snoowrap
1007,teslamotors,roadster
1007,Dorota1997,react-frontend-dev-portfolio
1007,art049,odmantic
1007,raineorshine,solgraph
1007,AngeLouCN,Min_Max_Similarity
1007,ryanheise,just_audio
1007,thoughtbot,hotwire-example-template
1007,Reinisch,Darkest-Dungeon-Unity
1007,postfixadmin,postfixadmin
1007,Jinxiansen,JHUD
1007,bbc,waveform-data.js
1007,vivirenremoto,doomcaptcha
1007,holoviz,hvplot
1007,instant-solutions,ISTimeline
1007,krasimir,cssx
1007,async-raft,async-raft
1007,sonyxperiadev,ApkAnalyser
1007,m2n037,awesome-mecheng
1007,brianvoe,slim-select
1007,thomasloven,lovelace-layout-card
1007,Khan,react-components
1007,kwsch,NHSE
1007,JLErvin,berry
1007,mvelazc0,defcon27_csharp_workshop
1007,fraillt,bitsery
1007,bellingcat,telegram-phone-number-checker
1007,freedoom,freedoom
1007,bytedance,Fastbot_Android
1007,helloxz,ccaa
1007,LemonAppDev,konsist
1007,vifreefly,kimuraframework
1007,thiagoralves,OpenPLC_v3
1007,jlongster,electron-with-server-example
1007,ly4k,PwnKit
1007,Alex313031,Mercury
1007,spatie,laravel-web-tinker
1007,fhdm-dev,scoppy
1007,LiquidPlayer,LiquidCore
1006,codrops,ModalWindowEffects
1006,mgravell,fast-member
1006,afollestad,photo-affix
1006,megai2,d912pxy
1006,confluentinc,kafka-connect-jdbc
1006,zk-Call,zkp-hmac-communication-js
1006,neuroradiology,InsideReCaptcha
1006,electron-userland,electron-compile
1006,eventuate-tram,eventuate-tram-core
1006,rust-shell-script,rust_cmd_lib
1006,iamcryptoki,snowden-archive
1006,FarmBot,farmbot_os
1006,slashsbin,styleguide-git-commit-message
1006,libredesktop,Libredesktop.github.io
1006,Flangvik,TeamFiltration
1006,CrunchyData,crunchy-containers
1006,koutto,jok3r
1006,HugoTini,DeepBump
1006,dnnsoftware,Dnn.Platform
1006,duckdb,duckdb-wasm
1006,susiai,susi_transcribe
1006,0voice,Understanding_in_Rust
1006,klauspost,cpuid
1006,jgilfelt,android-actionbarstylegenerator
1006,avluis,Hentoid
1006,GnuriaN,format-README
1006,liyue201,gostl
1006,jianzhongli,MathView
1006,jiesutd,YEDDA
1006,laurentkneip,opengv
1006,mdsecactivebreach,o365-attack-toolkit
1006,anzhiyu-c,hexo-theme-anzhiyu
1006,EtchDroid,EtchDroid
1006,seishun,node-steam
1006,dgraham,delegated-events
1006,microsoft,SoM
1006,abntex,abntex2
1006,jxom,bumbag-ui
1006,hackndev,zinc
1006,LayerZero-Labs,solidity-examples
1006,marnusw,date-fns-tz
1006,niksy,throttle-debounce
1006,merantix,picasso
1006,aws-samples,aws-machine-learning-university-accelerated-tab
1006,Hentioe,policr-mini
1006,tiltedphoques,TiltedEvolution
1006,ROCm,MIOpen
1006,cloudera,livy
1006,xiaobai1217,Awesome-Video-Datasets
1005,hanks-zyh,SmallBang
1005,touchlab,DroidconKotlin
1005,ARM-software,astc-encoder
1005,stemmlerjs,simple-typescript-starter
1005,NVIDIA-AI-IOT,redtail
1005,arnesson,cordova-plugin-firebase
1005,marukrap,RoguelikeDevResources
1005,yechaoa,MaterialDesign
1005,tympanix,Electorrent
1005,Khan,genqlient
1005,acheong08,obi-sync
1005,piscolomo,ruby-patterns
1005,sghall,resonance
1005,rvpanoz,luna
1005,cruxopen,openISP
1005,b4rtaz,distributed-llama
1005,chokcoco,css3-
1005,GANs-in-Action,gans-in-action
1005,nascentxyz,simple-security-toolkit
1005,Geniusay,ChopperBot
1005,BishopFox,eyeballer
1005,MikeCreken,lanlanInterview
1005,fengsp,color-thief-py
1005,zigbee2mqtt,hassio-zigbee2mqtt
1005,EmbraceAGI,Awesome-AI-GPTs
1005,simov,markdown-viewer
1005,robflaherty,scroll-depth
1005,karpathy,ulogme
1005,NikolayS,postgres_dba
1005,cinchrb,cinch
1005,dozoisch,react-google-recaptcha
1005,OmkarPathak,Python-Programs
1005,dark-lbp,isf
1005,zdzhaoyong,GSLAM
1005,Earthcomputer,clientcommands
1005,tmux-plugins,tmux-logging
1005,bryx-inc,BRYXBanner
1005,crimx,observable-hooks
1005,craigz28,firmwalker
1005,eugene-khyst,postgresql-event-sourcing
1005,akemin-dayo,AppSync
1005,drawpile,Drawpile
1005,tommybuonomo,morph-bottom-navigation
1005,pengMaster,BestNote
1004,microsoft,Windows-Machine-Learning
1004,openGemini,openGemini
1004,taehoonlee,tensornets
1004,pereorga,minimalist-web-notepad
1004,madbence,node-drawille
1004,varadbhogayata,varadbhogayata.github.io
1004,EleutherAI,math-lm
1004,jupyterhub,the-littlest-jupyterhub
1004,userdocs,qbittorrent-nox-static
1004,yuanqing,charming
1004,yangxudong,deeplearning
1004,matlink,gplaycli
1004,unit-mesh,unit-minions
1004,pmndrs,its-fine
1004,foundation,foundation-rails
1004,walkor,GatewayWorker
1004,WebGLSamples,WebGL2Samples
1004,yconst,Freetile
1004,amqp-rs,lapin
1004,drehimself,laravel-ecommerce-example
1004,VictorGordan,opengl-tutorials
1004,wise2c-devops,breeze
1004,mattm,sql-style-guide
1004,vladikoff,grunt-devtools
1004,chatopera,insuranceqa-corpus-zh
1004,pbloem,former
1004,mundimark,awesome-markdown-editors
1004,snakster,cpp.react
1004,electron,rebuild
1004,vinejs,vine
1003,galnetwen,Live2D
1003,brazzy,floating-point-gui.de
1003,EspressifApp,EsptouchForAndroid
1003,madawei2699,free4chat
1003,microsoft,FeatureManagement-Dotnet
1003,wasmlang,awesome-wasm-zh
1003,jfrog,project-examples
1003,sitewhere,sitewhere
1003,lichess-org,chessground
1003,btkrausen,hashicorp
1003,obiscr,ChatGPT
1003,screwdriver-cd,screwdriver
1003,femmebot,google-type
1003,corpnewt,MountEFI
1003,traefik,traefik-helm-chart
1003,jeffreywildman,homebrew-virt-manager
1003,awalgarg,cv-maker
1003,doom-neovim,doom-nvim
1003,XiangLi1999,Diffusion-LM
1003,deepmedic,deepmedic
1003,Mintplex-Labs,vector-admin
1003,agneym,playground
1003,owenthereal,hacker-menu
1003,rixwew,pytorch-fm
1003,grocer,grocer
1003,g1mv,density
1003,hydrogen-music,hydrogen
1003,OpenSID,OpenSID
1003,andrewrk,node-s3-client
1003,bevacqua,css
1003,ColinLeung-NiloCat,UnityURP-MobileScreenSpacePlanarReflection
1003,kzampog,cilantro
1003,Quramy,typed-css-modules
1002,facebook,fatal
1002,leventov,Koloboke
1002,pgjdbc,r2dbc-postgresql
1002,savoirfairelinux,opendht
1002,lcdevelop,FullStackDeveloperCourse
1002,spatie,laravel-view-models
1002,felixge,httpsnoop
1002,doug,depthjs
1002,corpnewt,USBMap
1002,Xwin-LM,Xwin-LM
1002,QuiteRSS,quiterss
1002,mcohen01,amazonica
1002,dart-lang,http
1002,topazproject,topaz
1002,nshalabi,ATTACK-Tools
1002,8051Enthusiast,regex2fat
1002,booncol,Pulsator4Droid
1002,xuyisheng,ShortcutHelper
1002,felixrieseberg,React-Dropzone-Component
1002,vmware,pyvmomi-community-samples
1002,alexcrichton,curl-rust
1002,hrbrmstr,pewpew
1002,colbyfayock,50-projects-for-react-and-the-static-web
1002,tinkoff-ai,CORL
1002,tenox7,wrp
1002,mayankk2308,purge-wrangler
1002,M4cs,BabySploit
1002,hechenqingyuan,gitwms
1002,caozhiyi,CppNet
1002,clerk,t3-turbo-and-clerk
1002,KunMinX,Jetpack-MVVM-Scaffold
1002,RythmStick,AMSITrigger
1002,terobox,ChatGPT-API-Faucet
1002,jazzband,django-payments
1002,kartograph,kartograph.py
1002,fholgado,minibufexpl.vim
1002,pascal-lab,Tai-e-assignments
1002,lucidrains,CoCa-pytorch
1002,bradp,vv
1002,lucky-sideburn,kubeinvaders
1002,linvi,tweetinvi
1002,422658476,MPV-EASY-Player
1001,paulelliott,fabrication
1001,Authing,Authing
1001,RayeRen,acad-homepage.github.io
1001,daochenzha,data-centric-AI
1001,srmklive,laravel-paypal
1001,sochix,TLSharp
1001,mb21,panwriter
1001,plotly,react-plotly.js
1001,alex04072000,ObstructionRemoval
1001,dagger8224,dagger.js
1001,datavane,datasophon
1001,wireghoul,htshells
1001,ClementPinard,SfmLearner-Pytorch
1001,Zhengqbbb,cz-git
1001,mafintosh,turbo-http
1001,square,workflow-kotlin
1001,aliyun,aliyun-openapi-python-sdk
1001,brookhong,KeyCastOW
1001,WolframResearch,WolframLanguageForJupyter
1001,libredesktop,libredesktop-project-list
1001,makejavas,EasyCode
1001,tensorflow,similarity
1001,edvardHua,PoseEstimationForMobile
1001,facebookincubator,below
1001,AlfredXiangWu,LightCNN
1001,cypress-io,cypress-docker-images
1001,klaasnicolaas,home-assistant-glow
1001,floere,phony
1001,kakaobrain,kogpt
1001,hypriot,flash
1001,rhysd,clever-f.vim
1001,woutdp,live_svelte
1001,Neet-Nestor,Telegram-Media-Downloader
1001,ExpertAnonymous,PhoneInfoga
1001,libredesktop,libredesktop-artwork
1001,johnthebrit,AzureMasterClass
1001,INRIA,scikit-learn-mooc
1001,rethinkdb,rethinkdb_rebirth
1000,simonbs,SBSAnimoji
1000,JacksonTian,anywhere
1000,ldqk,Masuit.MyBlogs
1000,termux,termux-root-packages
1000,olegakbarov,react-redux-starter-kit
1000,ankane,secure_rails
1000,FutunnOpen,py-futu-api
1000,mosaicml,streaming
1000,apache,rocketmq-dashboard
1000,conduktor,kafka-beginners-course
1000,ajaymache,machine-learning-yearning
1000,ericgio,react-bootstrap-typeahead
1000,Tib3rius,Pentest-Cheatsheets
1000,selinuxG,Golin
1000,zhihu,rucene
1000,dado3212,spaces-renamer
1000,any1,wayvnc
1000,vialer,vialer-js
1000,Snorby,snorby
1000,luxkun,ReGoap
1000,arethetypeswrong,arethetypeswrong.github.io
1000,Ellen2018,AndroidFaceInterview
1000,google,quiver-dart
1000,jserv,amacc
1000,ntasfi,PyGame-Learning-Environment
1000,meysamhadeli,awesome-dotnet-tips
1000,cessen,ropey
1000,LukeYui,EldenRingSeamlessCoopRelease
1000,halfkiss,ZjDroid
1000,kairos-io,kairos
1000,alexforencich,verilog-pcie
1000,danielemoraschi,maplace.js
1000,MycroftAI,mimic3
1000,fenrus75,powertop
1000,The-XSS-Rat,SecurityTesting
1000,microsoft,Llama-2-Onnx
1000,csstools,postcss-font-magician
1000,FabrizioBrancati,BFKit-Swift
1000,kylemcdonald,FaceTracker
1000,mgeeky,cobalt-arsenal
1000,timostamm,protobuf-ts
1000,DrWaleedAYousef,Teaching
1000,nix-community,comma
1000,DUpdateSystem,UpgradeAll
